"","V1","V2","V3","V4","V5","V6","V7","V8","V9","V10","V11","V12","V13","V14","V15","V16","V17","V18","V19","V20","V21"
"1","aaai","assembly","by","commerce","copy","discrimination","environmental","flow","heterogeneous","internet","look","min","nuclear","parallelization","propagation","replicated","sensitivity","states","teleology","unslotted","workshop"
"2","ab","assignment","c","communication","correlating","dispenser","eroica","flows","hierarchical","internets","loop","minimal","numa","parameters","protocol","replication","september","stochastic","temporal","unsplittable","xml"
"3","about","associativity","cache","community","cost","dissertations","escrow","focusing","hierarchy","interoperation","loops","mining","number","partial","protocols","report","sequential","storage","terminal","update","xrl"
"4","abr","asynchronous","cad","comparative","costs","distance","esp","for","high","interpreter","lossy","mobile","numbers","partitioned","provisioning","reports","server","strategies","tes","users","yeast"
"5","abstraction","atm","cairo","comparison","counter","distributed","evaluating","fork","holes","into","lut","model","object","path","qos","representation","services","stream","that","using","zigzag"
"6","access","authoring","candidate","component","courseware","distributing","evaluation","form","hose","introduction","machine","modeling","objects","patterns","quality","research","session","streams","theory","variance","zone"
"7","accounting","automated","capability","components","crash","distribution","exception","fpga","how","irreducible","magnetic","models","off","pedagogical","query","resilient","sessions","structure","three","vector","aaai"
"8","acharya","automating","capacity","composing","cs","divide","exchanges","fpgas","hpp","issues","maintenance","modular","onto","pedagogies","querying","resolution","setup","structured","through","verification","ab"
"9","achieving","autonomic","case","composite","curriculum","division","excited","framework","http","its","management","moldyn","ontological","pedagogy","queueing","resonance","shaping","structures","throughput","versatile","about"
"10","active","availability","causal","computation","cycle","do","executing","free","hub","java","manager","molecular","open","performance","queuing","resource","shared","students","time","versions","abr"
"11","adaptability","available","cavities","computer","data","domain","experiences","frequency","hybrid","job","managing","mpls","operating","petri","quorum","revenue","sharing","study","to","via","abstraction"
"12","adapters","balance","cc","computing","database","domains","expert","function","hypercube","jobs","manufacturing","multi","operational","pez","quorumcast","revocation","simple","sum","tolerance","vibrant","access"
"13","adaptive","balanced","cdma","concurrency","databases","dual","exploits","g","i","join","mapping","multiclass","operators","phase","randomization","robotics","simpler","supergrid","topology","video","accounting"
"14","adaptors","balancing","central","configurability","debug","during","exploration","gas","ideas","knowledge","markovian","multicommodity","optical","pipelining","randomized","route","simulation","supply","toward","virtual","acharya"
"15","adder","based","centric","configuration","debugging","dynamic","exploring","gene","impact","label","matching","multicomputer","optimal","placement","randomly","routers","simulators","support","towards","vldb","achieving"
"16","aggregates","better","cerevisiae","configuring","definition","dynamics","extensibility","general","implementation","lan","max","multidimensional","optimization","policies","rate","routing","size","switch","trade","vmes","active"
"17","ahead","between","chain","conflict","delay","e","extensible","generalized","implementing","language","maximization","multimedia","optimizing","policy","rbac","rt","smart","switching","tradeoffs","vortexml","adaptability"
"18","algorithm","beyond","challenging","connected","delegation","edge","facility","generating","incorporating","lapd","mcrs","multiple","or","power","real","rtl","solution","synthesis","traffic","voting","adapters"
"19","algorithms","bgp","channel","connectivity","demand","edit","factor","generation","increase","large","mean","multiplexing","order","practical","reason","rule","solving","system","transaction","vpns","adaptive"
"20","allocation","bi","channels","conquer","dependence","effect","fading","genetic","indexing","learn","measurement","multiprocessors","organizational","precedence","reasoning","rules","some","systematic","transactions","w","adaptors"
"21","aloha","bibliography","charts","consensus","depth","effectiveness","failure","genomic","inference","learning","measures","multiserver","organizations","presence","recent","saccharomyces","sorting","systems","transfer","wan","adder"
"22","analysis","bin","circuits","considerations","design","efficient","fair","global","information","level","mechanism","multistage","organizing","primal","recovery","scalable","source","targeted","transform","wavelength","aggregates"
"23","and","biology","classes","constant","designing","elastic","fairness","grammar","initio","leveraging","mechanisms","n","oriented","priority","recursion","scale","space","task","transitions","web","ahead"
"24","announcements","bitemporal","classifiers","constrained","dessert","electronic","farms","grid","input","like","media","nesting","oscillations","private","reduction","scheduler","spatial","tc","transmission","wide","algorithm"
"25","application","boards","closed","constraint","developing","email","fast","group","instability","limits","mediation","net","ospf","problem","reference","scheduling","specification","tcp","travel","window","algorithms"
"26","applications","borrowing","clp","constraints","development","embedding","fcfs","grouping","integrated","link","medical","network","outputs","problems","reflectors","schema","spectral","teach","traveling","windows","allocation"
"27","approach","bottleneck","clustering","context","devices","embeddings","feedforward","guanine","integrity","links","memory","networks","over","processing","register","schemes","speed","teaching","tree","wireless","aloha"
"28","approximation","broadcast","code","control","diagnosis","empirical","fft","guarantee","intelligent","lisp","message","neural","overriding","processor","regression","science","spin","team","triples","with","analysis"
"29","aqueous","buffer","codified","controlled","diagnostic","employing","finite","handling","inter","load","meta","new","packet","program","reified","security","splicing","technique","tutor","woflan","and"
"30","architectures","building","coherence","controls","diagrams","enabled","first","hardware","interactive","local","metalevel","non","packing","programming","relaxation","selection","sqrt","techniques","tutoring","work","announcements"
"31","area","bursty","coherent","conversion","dimensional","end","fit","hartley","interface","location","metering","nonblocking","pages","programs","reliable","selectivities","stability","technologies","two","workflow","application"
"32","arriving","business","commentary","convex","discovery","engineering","fixture","having","interference","logistic","method","nonhomogeneous","parallel","prolems","removal","selectivity","stack","telecommunications","type","workflows","applications"
"33","asip","buy","comments","coordination","discrete","environment","flatness","help","interleaved","logs","methods","nothing","parallelism","prolog","rent","semantics","star","teleological","uml","working","approach"
